{"epochs": 100, "1": {"d_loss": 0.27098, "g_loss": 3.6703, "r_score": 0.81504, "f_score": 0.0352, "elapsed": 2269.13}, "2": {"d_loss": 0.13569, "g_loss": 3.73159, "r_score": 0.90754, "f_score": 0.03368, "elapsed": 2271.51}, "3": {"d_loss": 0.24472, "g_loss": 3.22841, "r_score": 0.83598, "f_score": 0.0542, "elapsed": 2263.73}, "4": {"d_loss": 0.26633, "g_loss": 1.99433, "r_score": 0.92698, "f_score": 0.16196, "elapsed": 2272.3}, "5": {"d_loss": 0.19036, "g_loss": 4.37078, "r_score": 0.84896, "f_score": 0.01809, "elapsed": 2267.46}, "6": {"d_loss": 0.22828, "g_loss": 2.77283, "r_score": 0.88095, "f_score": 0.08887, "elapsed": 2389.71}, "7": {"d_loss": 0.15562, "g_loss": 3.35344, "r_score": 0.90768, "f_score": 0.05178, "elapsed": 2403.89}, "8": {"d_loss": 0.24865, "g_loss": 7.23497, "r_score": 0.79197, "f_score": 0.00109, "elapsed": 2261.91}, "9": {"d_loss": 0.17756, "g_loss": 3.28484, "r_score": 0.88532, "f_score": 0.04998, "elapsed": 2256.4}, "10": {"d_loss": 0.16832, "g_loss": 5.56125, "r_score": 0.85746, "f_score": 0.00538, "elapsed": 2336.88}, "11": {"d_loss": 0.11437, "g_loss": 4.17801, "r_score": 0.9147, "f_score": 0.02158, "elapsed": 2295.5}, "12": {"d_loss": 0.31086, "g_loss": 3.40873, "r_score": 0.79632, "f_score": 0.05812, "elapsed": 2272.76}, "13": {"d_loss": 0.15852, "g_loss": 4.84655, "r_score": 0.87645, "f_score": 0.01057, "elapsed": 2279.56}, "14": {"d_loss": 0.164, "g_loss": 4.22907, "r_score": 0.87333, "f_score": 0.01947, "elapsed": 2268.78}, "15": {"d_loss": 0.34727, "g_loss": 4.86402, "r_score": 0.72771, "f_score": 0.01019, "elapsed": 2262.41}, "16": {"d_loss": 0.12801, "g_loss": 3.74599, "r_score": 0.91005, "f_score": 0.02946, "elapsed": 2261.43}, "17": {"d_loss": 0.10418, "g_loss": 3.20962, "r_score": 0.95464, "f_score": 0.05462, "elapsed": 2262.07}, "18": {"d_loss": 0.2773, "g_loss": 4.28945, "r_score": 0.79073, "f_score": 0.0211, "elapsed": 2253.72}, "19": {"d_loss": 0.20903, "g_loss": 3.58066, "r_score": 0.85788, "f_score": 0.04395, "elapsed": 2265.35}, "20": {"d_loss": 0.1241, "g_loss": 2.75107, "r_score": 0.96519, "f_score": 0.08266, "elapsed": 2262.82}, "21": {"d_loss": 0.08656, "g_loss": 5.09807, "r_score": 0.9264, "f_score": 0.009, "elapsed": 2260.82}, "22": {"d_loss": 0.09474, "g_loss": 5.13594, "r_score": 0.91981, "f_score": 0.00827, "elapsed": 2264.45}, "23": {"d_loss": 0.61501, "g_loss": 6.6826, "r_score": 0.57473, "f_score": 0.00207, "elapsed": 2267.31}, "24": {"d_loss": 0.14901, "g_loss": 4.19583, "r_score": 0.88444, "f_score": 0.02047, "elapsed": 2256.3}, "25": {"d_loss": 0.06778, "g_loss": 3.97379, "r_score": 0.95936, "f_score": 0.02524, "elapsed": 2272.98}, "26": {"d_loss": 0.16136, "g_loss": 5.44466, "r_score": 0.86075, "f_score": 0.00585, "elapsed": 2274.38}, "27": {"d_loss": 0.31721, "g_loss": 3.22524, "r_score": 0.79507, "f_score": 0.06251, "elapsed": 2275.44}, "28": {"d_loss": 0.42587, "g_loss": 6.31624, "r_score": 0.68459, "f_score": 0.00295, "elapsed": 2257.99}, "29": {"d_loss": 0.19858, "g_loss": 2.05396, "r_score": 0.98273, "f_score": 0.15842, "elapsed": 2268.02}, "30": {"d_loss": 0.16073, "g_loss": 3.99002, "r_score": 0.8806, "f_score": 0.0245, "elapsed": 2202.27}, "31": {"d_loss": 0.28079, "g_loss": 5.84769, "r_score": 0.77801, "f_score": 0.00385, "elapsed": 2226.3}, "32": {"d_loss": 0.18882, "g_loss": 4.89577, "r_score": 0.84437, "f_score": 0.00977, "elapsed": 2235.42}, "33": {"d_loss": 0.21205, "g_loss": 5.04452, "r_score": 0.8263, "f_score": 0.00917, "elapsed": 2244.81}, "34": {"d_loss": 0.13364, "g_loss": 3.22815, "r_score": 0.92315, "f_score": 0.04905, "elapsed": 2313.49}, "35": {"d_loss": 0.10735, "g_loss": 4.30505, "r_score": 0.91538, "f_score": 0.0173, "elapsed": 2315.7}, "36": {"d_loss": 0.28557, "g_loss": 4.96964, "r_score": 0.77026, "f_score": 0.00921, "elapsed": 2209.48}, "37": {"d_loss": 0.23338, "g_loss": 2.82367, "r_score": 0.88203, "f_score": 0.09072, "elapsed": 2226.6}, "38": {"d_loss": 0.1336, "g_loss": 5.28292, "r_score": 0.88533, "f_score": 0.00645, "elapsed": 2230.97}, "39": {"d_loss": 0.16195, "g_loss": 4.67105, "r_score": 0.86712, "f_score": 0.01422, "elapsed": 2245.81}, "40": {"d_loss": 0.05678, "g_loss": 4.94073, "r_score": 0.95423, "f_score": 0.00948, "elapsed": 2234.23}, "41": {"d_loss": 0.15223, "g_loss": 4.90293, "r_score": 0.87268, "f_score": 0.01028, "elapsed": 2263.91}, "42": {"d_loss": 0.14584, "g_loss": 4.81061, "r_score": 0.87705, "f_score": 0.0108, "elapsed": 2263.03}, "43": {"d_loss": 0.09091, "g_loss": 3.85396, "r_score": 0.94268, "f_score": 0.03045, "elapsed": 2241.35}, "44": {"d_loss": 0.1266, "g_loss": 4.66199, "r_score": 0.8939, "f_score": 0.01196, "elapsed": 2250.42}, "45": {"d_loss": 0.1368, "g_loss": 4.3837, "r_score": 0.89209, "f_score": 0.01874, "elapsed": 2254.21}, "46": {"d_loss": 0.22597, "g_loss": 5.84665, "r_score": 0.81272, "f_score": 0.00469, "elapsed": 2251.44}, "47": {"d_loss": 0.08325, "g_loss": 4.38926, "r_score": 0.93669, "f_score": 0.01663, "elapsed": 2270.99}, "48": {"d_loss": 0.22802, "g_loss": 7.39006, "r_score": 0.80435, "f_score": 0.00087, "elapsed": 2253.0}, "49": {"d_loss": 0.08073, "g_loss": 4.21144, "r_score": 0.94222, "f_score": 0.01969, "elapsed": 2255.39}, "50": {"d_loss": 0.11482, "g_loss": 4.14397, "r_score": 0.91409, "f_score": 0.0223, "elapsed": 2248.6}, "51": {"d_loss": 0.12709, "g_loss": 5.50452, "r_score": 0.889, "f_score": 0.0056, "elapsed": 2252.54}, "52": {"d_loss": 0.25615, "g_loss": 5.23444, "r_score": 0.78878, "f_score": 0.00686, "elapsed": 2255.35}, "53": {"d_loss": 0.11186, "g_loss": 5.49246, "r_score": 0.90191, "f_score": 0.00521, "elapsed": 2249.21}, "54": {"d_loss": 0.15487, "g_loss": 4.65283, "r_score": 0.87123, "f_score": 0.01288, "elapsed": 2263.34}, "55": {"d_loss": 0.09005, "g_loss": 4.63897, "r_score": 0.92711, "f_score": 0.01307, "elapsed": 2253.38}, "56": {"d_loss": 0.12762, "g_loss": 4.86198, "r_score": 0.8926, "f_score": 0.01034, "elapsed": 2246.28}, "57": {"d_loss": 0.16402, "g_loss": 4.98594, "r_score": 0.86124, "f_score": 0.00886, "elapsed": 2248.14}, "58": {"d_loss": 0.10196, "g_loss": 3.43495, "r_score": 0.94284, "f_score": 0.04114, "elapsed": 2256.52}, "59": {"d_loss": 0.22813, "g_loss": 4.26328, "r_score": 0.82065, "f_score": 0.01905, "elapsed": 2260.16}, "60": {"d_loss": 0.1288, "g_loss": 3.8521, "r_score": 0.90993, "f_score": 0.03023, "elapsed": 37160.15}, "61": {"d_loss": 0.36632, "g_loss": 4.89087, "r_score": 0.72424, "f_score": 0.0094, "elapsed": 2272.99}, "62": {"d_loss": 0.11621, "g_loss": 4.19699, "r_score": 0.90955, "f_score": 0.01902, "elapsed": 2264.66}, "63": {"d_loss": 0.11317, "g_loss": 5.10794, "r_score": 0.90337, "f_score": 0.0086, "elapsed": 2272.26}, "64": {"d_loss": 0.14378, "g_loss": 5.37244, "r_score": 0.87445, "f_score": 0.00705, "elapsed": 2285.59}, "65": {"d_loss": 0.36981, "g_loss": 2.88878, "r_score": 0.77802, "f_score": 0.08826, "elapsed": 2639.21}, "66": {"d_loss": 0.19978, "g_loss": 4.99174, "r_score": 0.83126, "f_score": 0.00899, "elapsed": 2629.37}, "67": {"d_loss": 0.12095, "g_loss": 3.64369, "r_score": 0.91933, "f_score": 0.03417, "elapsed": 2472.99}, "68": {"d_loss": 0.13105, "g_loss": 3.82828, "r_score": 0.90822, "f_score": 0.03084, "elapsed": 2534.47}, "69": {"d_loss": 0.15097, "g_loss": 6.08818, "r_score": 0.86674, "f_score": 0.00393, "elapsed": 2328.64}, "70": {"d_loss": 0.10196, "g_loss": 4.37295, "r_score": 0.92303, "f_score": 0.02016, "elapsed": 2174.09}, "71": {"d_loss": 0.12651, "g_loss": 2.92507, "r_score": 0.95154, "f_score": 0.07209, "elapsed": 2183.08}, "72": {"d_loss": 0.14674, "g_loss": 5.16382, "r_score": 0.87684, "f_score": 0.00872, "elapsed": 2166.66}, "73": {"d_loss": 0.21958, "g_loss": 5.28663, "r_score": 0.8153, "f_score": 0.00739, "elapsed": 2191.79}, "74": {"d_loss": 0.14332, "g_loss": 4.42124, "r_score": 0.88463, "f_score": 0.01755, "elapsed": 2182.57}, "75": {"d_loss": 0.11612, "g_loss": 3.98581, "r_score": 0.91358, "f_score": 0.02351, "elapsed": 2173.21}, "76": {"d_loss": 0.12384, "g_loss": 4.00922, "r_score": 0.90942, "f_score": 0.02547,