{"epochs": 6, "1": {"d_loss": 1.03885, "g_loss": 1.93651, "r_score": 0.47866, "f_score": 0.17829, "elapsed": 5493.93}, "2": {"d_loss": 0.84283, "g_loss": 1.4317, "r_score": 0.64059, "f_score": 0.28068, "elapsed": 4734.9}, "3": {"d_loss": 1.09547, "g_loss": 0.84719, "r_score": 0.66391, "f_score": 0.46268, "elapsed": 4736.92}, "4": {"d_loss": 0.43953, "g_loss": 2.16657, "r_score": 0.84434, "f_score": 0.20612, "elapsed": 4729.04}, "5": {"d_loss": 0.72487, "g_loss": 1.37891, "r_score": 0.71572, "f_score": 0.30158, "elapsed": 4730.47}, "6": {"d_loss": 0.29003, "g_loss": 4.49637, "r_score": 0.80968, "f_score": 0.0586, "elapsed": 5435.42}}