{"epochs": 73, "1": {"d_loss": 0.90493, "g_loss": 1.23562, "r_score": 0.61404, "f_score": 0.30757, "elapsed": 4917.68}, "2": {"d_loss": 0.52996, "g_loss": 2.26103, "r_score": 0.73851, "f_score": 0.16041, "elapsed": 4723.23}, "3": {"d_loss": 0.51714, "g_loss": 2.61397, "r_score": 0.70404, "f_score": 0.10284, "elapsed": 4720.6}, "4": {"d_loss": 0.81693, "g_loss": 1.22355, "r_score": 0.76473, "f_score": 0.3524, "elapsed": 4719.83}, "5": {"d_loss": 1.12531, "g_loss": 0.88256, "r_score": 0.85052, "f_score": 0.55257, "elapsed": 4719.69}, "6": {"d_loss": 0.4733, "g_loss": 4.38477, "r_score": 0.67755, "f_score": 0.02379, "elapsed": 4719.49}, "7": {"d_loss": 0.41805, "g_loss": 5.38573, "r_score": 0.71475, "f_score": 0.00938, "elapsed": 4718.9}, "8": {"d_loss": 0.43242, "g_loss": 1.82661, "r_score": 0.82836, "f_score": 0.20567, "elapsed": 4721.09}, "9": {"d_loss": 0.64293, "g_loss": 2.65909, "r_score": 0.62707, "f_score": 0.12225, "elapsed": 4717.18}, "10": {"d_loss": 0.57936, "g_loss": 4.22395, "r_score": 0.59272, "f_score": 0.03045, "elapsed": 4717.12}, "11": {"d_loss": 0.44601, "g_loss": 2.36255, "r_score": 0.87635, "f_score": 0.20891, "elapsed": 4718.82}, "12": {"d_loss": 0.37311, "g_loss": 2.66895, "r_score": 0.84434, "f_score": 0.13798, "elapsed": 4721.98}, "13": {"d_loss": 0.15797, "g_loss": 3.89858, "r_score": 0.88927, "f_score": 0.0379, "elapsed": 4721.88}, "14": {"d_loss": 0.48356, "g_loss": 4.23668, "r_score": 0.70253, "f_score": 0.03775, "elapsed": 4720.91}, "15": {"d_loss": 0.2726, "g_loss": 4.56632, "r_score": 0.83431, "f_score": 0.07264, "elapsed": 4721.3}, "16": {"d_loss": 0.10636, "g_loss": 7.8413, "r_score": 0.90049, "f_score": 0.00087, "elapsed": 4721.1}, "17": {"d_loss": 0.15286, "g_loss": 7.15363, "r_score": 0.87086, "f_score": 0.00573, "elapsed": 4721.4}, "18": {"d_loss": 0.22832, "g_loss": 3.70251, "r_score": 0.87577, "f_score": 0.08498, "elapsed": 4721.01}, "19": {"d_loss": 0.18037, "g_loss": 4.31056, "r_score": 0.8862, "f_score": 0.05304, "elapsed": 4721.69}, "20": {"d_loss": 0.45746, "g_loss": 5.78347, "r_score": 0.7395, "f_score": 0.02212, "elapsed": 4721.08}, "21": {"d_loss": 0.31051, "g_loss": 7.83662, "r_score": 0.78708, "f_score": 0.00641, "elapsed": 4722.39}, "22": {"d_loss": 0.19381, "g_loss": 3.86882, "r_score": 0.92045, "f_score": 0.09039, "elapsed": 4720.86}, "23": {"d_loss": 0.13119, "g_loss": 6.27133, "r_score": 0.88281, "f_score": 0.00594, "elapsed": 4721.37}, "24": {"d_loss": 0.53031, "g_loss": 2.44035, "r_score": 0.70831, "f_score": 0.1508, "elapsed": 4721.24}, "25": {"d_loss": 0.25095, "g_loss": 6.34129, "r_score": 0.7983, "f_score": 0.01541, "elapsed": 4721.17}, "26": {"d_loss": 0.25896, "g_loss": 9.00749, "r_score": 0.81259, "f_score": 0.00283, "elapsed": 4722.74}, "27": {"d_loss": 0.12044, "g_loss": 8.19923, "r_score": 0.88832, "f_score": 0.00131, "elapsed": 4720.53}, "28": {"d_loss": 0.14995, "g_loss": 5.66784, "r_score": 0.88807, "f_score": 0.02879, "elapsed": 4719.8}, "29": {"d_loss": 0.10462, "g_loss": 6.95501, "r_score": 0.90525, "f_score": 0.00452, "elapsed": 4718.96}, "30": {"d_loss": 0.10636, "g_loss": 8.76734, "r_score": 0.90026, "f_score": 0.00084, "elapsed": 4720.72}, "31": {"d_loss": 0.18355, "g_loss": 12.15923, "r_score": 0.84293, "f_score": 2e-05, "elapsed": 4721.75}, "32": {"d_loss": 0.11681, "g_loss": 7.24873, "r_score": 0.89437, "f_score": 0.00469, "elapsed": 4721.33}, "33": {"d_loss": 0.16612, "g_loss": 13.71993, "r_score": 0.85082, "f_score": 0.0, "elapsed": 4721.03}, "34": {"d_loss": 0.15211, "g_loss": 7.94121, "r_score": 0.8617, "f_score": 0.00119, "elapsed": 4720.96}, "35": {"d_loss": 0.13, "g_loss": 6.06861, "r_score": 0.88469, "f_score": 0.00686, "elapsed": 4721.11}, "36": {"d_loss": 0.11973, "g_loss": 8.07066, "r_score": 0.89048, "f_score": 0.00299, "elapsed": 4721.48}, "37": {"d_loss": 0.10175, "g_loss": 13.4245, "r_score": 0.90355, "f_score": 1e-05, "elapsed": 4721.18}, "38": {"d_loss": 0.25071, "g_loss": 8.27246, "r_score": 0.78376, "f_score": 0.0022, "elapsed": 5242.42}, "39": {"d_loss": 0.10219, "g_loss": 10.89547, "r_score": 0.9032, "f_score": 0.00024, "elapsed": 5261.4}, "40": {"d_loss": 0.71647, "g_loss": 2.69979, "r_score": 0.67862, "f_score": 0.12022, "elapsed": 4998.07}, "41": {"d_loss": 0.13717, "g_loss": 8.22196, "r_score": 0.87877, "f_score": 0.00144, "elapsed": 4985.12}, "42": {"d_loss": 0.20721, "g_loss": 6.27129, "r_score": 0.82446, "f_score": 0.01245, "elapsed": 4973.17}, "43": {"d_loss": 0.11716, "g_loss": 5.03163, "r_score": 0.90849, "f_score": 0.02072, "elapsed": 4973.17}, "44": {"d_loss": 0.45308, "g_loss": 3.58495, "r_score": 0.81205, "f_score": 0.16802, "elapsed": 4968.67}, "45": {"d_loss": 0.13566, "g_loss": 7.96275, "r_score": 0.87735, "f_score": 0.00448, "elapsed": 4974.47}, "46": {"d_loss": 0.10742, "g_loss": 15.19667, "r_score": 0.89825, "f_score": 0.0, "elapsed": 4972.24}, "47": {"d_loss": 0.10788, "g_loss": 10.7719, "r_score": 0.89789, "f_score": 4e-05, "elapsed": 4976.21}, "48": {"d_loss": 0.17486, "g_loss": 7.24793, "r_score": 0.84455, "f_score": 0.00466, "elapsed": 4966.53}, "49": {"d_loss": 0.19596, "g_loss": 15.64569, "r_score": 0.82478, "f_score": 1e-05, "elapsed": 4963.1}, "50": {"d_loss": 0.21178, "g_loss": 7.89322, "r_score": 0.82858, "f_score": 0.00465, "elapsed": 4969.67}, "51": {"d_loss": 0.14009, "g_loss": 6.43774, "r_score": 0.88645, "f_score": 0.01865, "elapsed": 4973.59}, "52": {"d_loss": 0.10502, "g_loss": 12.52121, "r_score": 0.90099, "f_score": 0.00039, "elapsed": 4989.46}, "53": {"d_loss": 0.10091, "g_loss": 15.93653, "r_score": 0.90418, "f_score": 1e-05, "elapsed": 4991.46}, "54": {"d_loss": 0.11572, "g_loss": 6.69797, "r_score": 0.89538, "f_score": 0.00466, "elapsed": 4994.38}, "55": {"d_loss": 0.11542, "g_loss": 8.6412, "r_score": 0.89181, "f_score": 0.00084, "elapsed": 4994.66}, "56": {"d_loss": 0.10749, "g_loss": 10.29727, "r_score": 0.89833, "f_score": 0.0001, "elapsed": 4993.5}, "57": {"d_loss": 0.11004, "g_loss": 11.82135, "r_score": 0.89593, "f_score": 2e-05, "elapsed": 4991.3}, "58": {"d_loss": 0.09879, "g_loss": 8.61689, "r_score": 0.90653, "f_score": 0.00052, "elapsed": 4991.13}, "59": {"d_loss": 0.09512, "g_loss": 7.8976, "r_score": 0.91215, "f_score": 0.00293, "elapsed": 4983.7}, "60": {"d_loss": 0.13617, "g_loss": 10.63563, "r_score": 0.87309, "f_score": 8e-05, "elapsed": 4975.28}, "61": {"d_loss": 0.1044, "g_loss": 11.71237, "r_score": 0.90146, "f_score": 0.00029, "elapsed": 4965.45}, "62": {"d_loss": 0.10496, "g_loss": 5.56778, "r_score": 0.91115, "f_score": 0.01149, "elapsed": 4975.96}, "63": {"d_loss": 0.13672, "g_loss": 13.18072, "r_score": 0.87295, "f_score": 0.0001, "elapsed": 4971.32}, "64": {"d_loss": 0.11238, "g_loss": 12.72839, "r_score": 0.89486, "f_score": 0.00083, "elapsed": 4961.87}, "65": {"d_loss": 0.11833, "g_loss": 7.24915, "r_score": 0.89103, "f_score": 0.00271, "elapsed": 4965.69}, "66": {"d_loss": 0.06948, "g_loss": 12.62508, "r_score": 0.93301, "f_score": 1e-05, "elapsed": 4961.96}, "67": {"d_loss": 0.13792, "g_loss": 9.0433, "r_score": 0.87235, "f_score": 0.00047, "elapsed": 4967.16}, "68": {"d_loss": 1.20351, "g_loss": 1.76654, "r_score": 0.66188, "f_score": 0.49299, "elapsed": 4963.79}, "69": {"d_loss": 0.10182, "g_loss": 20.10543, "r_score": 0.90347, "f_score": 0.0, "elapsed": 4960.2}, "70": {"d_loss": 0.11854, "g_loss": 7.24891, "r_score": 0.89, "f_score": 0.00153, "elapsed": 4959.62}, "71": {"d_loss": 0.33986, "g_loss": 8.98604, "r_score": 0.73745, "f_score": 0.00032, "elapsed": 4964.71}, "72": {"d_loss": 0.32175, "g_loss": 3.27144, "r_score": 0.83202, "f_score": 0.11682, "elapsed": 4969.8}, "73": {"d_loss": 0.30318, "g_loss": 10.8112, "r_score": 0.81948, "f_score": 7e-05, "elapsed": 4968.3}}